页面 AS,源页面标题和 URL,外部链接,内部链接,锚链接和目标 URL,首次发现日期,上次发现日期
11,https://www2.archivists.org/news/2021/saa-remembers-william-l-joyce?page=1 | EN | 移动友好,57,275,https://crazycattle3d.io/ | 文本 | 内容,2025年8月3日,14 小时前
11,https://www.turing.cima.uadec.mx/cursos/claroline/phpbb/viewtopic.php?cidReq=THEBIGBOSS1&cidReset=true&topic=2832,2,23,https://crazycattle3d.io/ | 文本 | 内容,2025年7月31日,6 天前
11,https://www.techbang.com/posts/86510-the-new-oil-comment-on-possible-war-in-taiwan | ZH | 移动友好,37,86,https://crazycattle3d.io/ | 文本 | 内容,2025年6月4日,2026年2月20日
11,https://www.systemed.fr/forum-bricolage/post527487.html | 留言板 | FR | 移动友好,12,148,https://crazycattle3d.io/ | 文本 | 内容,2025年8月13日,2026年1月28日
11,https://www.systemed.fr/forum-bricolage/post527425.html | 留言板 | FR | 移动友好,12,147,https://crazycattle3d.io/ | 文本 | 内容,2025年8月5日,2026年2月1日
11,https://www.systemed.fr/forum-bricolage/comment-retirer-une-pellicule-silicone-sur-bois-t90380.html | 留言板 | FR | 移动友好,12,148,https://crazycattle3d.io/ | 文本 | 内容,2025年5月18日,2026年1月23日
11,https://www.pickthebrain.com/blog/use-these-3-writing-principles-to-boost-self-confidence/ | 博客 | EN | 移动友好,86,94,https://crazycattle3d.io/ | 文本 | 内容 | Nofollow | UGC,2025年7月28日,4 天前
11,https://www.niadd.com/statuses/1063545.html | 移动友好,14,56,https://crazycattle3d.io/ | 文本,2025年6月14日,2026年1月1日
11,https://www.niadd.com/statuses/1063443.html | 移动友好,8,59,https://crazycattle3d.io/ | 文本,2025年10月11日,13 天前
11,https://www.niadd.com/statuses/1063287.html | 移动友好,10,58,https://crazycattle3d.io/ | 文本,2025年9月29日,2026年2月8日
11,https://www.niadd.com/statuses/1063118.html | 移动友好,15,58,https://crazycattle3d.io/ | 文本,2025年9月25日,2026年2月5日
11,https://www.misshangrypants.com/2019/03/kimchichurri-hasselback-potatoes.html | 博客 | 移动友好,325,158,https://crazycattle3d.io/ | 文本 | Nofollow,2025年8月24日,21 小时前
11,https://www.krakvet.pl/forum/choroby-i-leczenie-f7/bol-po-przebudzeniu-u-starszego-pieska-t574293.html | 留言板 | PL | 移动友好,7,65,https://crazycattle3d.io/ | 文本 | 内容,2025年5月12日,5 天前
11,https://www.ccr.nls.ac.in/post/the-convergence-of-telecommunications-and-media-issues-and-solutions | CMS | EN | 移动友好,118,15,https://crazycattle3d.io/wrestle-bros | 文本 | 内容 | 新增,12 天前,12 天前
11,https://www.blog.zeusx.com/post/top-5-best-fighter-heroes-in-mobile-legends-sept-2020 | CMS | EN | 移动友好,3,41,https://crazycattle3d.io/ | 文本 | 内容,2025年12月29日,2026年1月27日
11,https://www.blackmt.com/post/letter-from-the-gm-closed | CMS | EN | 移动友好,28,31,https://crazycattle3d.io/ | 文本 | 内容 | 新增,2026年2月9日,2026年2月9日
11,https://www.baytalfann.com/post/mosques-in-the-philippines | CMS | EN | 移动友好,48,21,https://crazycattle3d.io/ | 文本 | 内容 | 新增,2026年2月6日,2 天前
11,https://www.artist.tools/post/9-ways-how-musicians-make-money-in-2025 | CMS | EN | 移动友好,8,29,https://crazycattle3d.io/ | 文本 | 内容,2025年12月30日,2025年12月30日
11,https://www.anfieldwatch.co.uk/liverpool-fc/news/arne-slot-will-be-forced-to-drop-one-of-his-best-performing-players-jeremie-frimpong-conor-bradley/ | EN | 移动友好,28,83,https://crazycattle3d.io/ | 文本 | 内容,2026年1月6日,2026年2月20日
11,https://www.anfieldwatch.co.uk/index.php/liverpool-fc/news/arne-slot-will-be-forced-to-drop-one-of-his-best-performing-players-jeremie-frimpong-conor-bradley/ | EN | 移动友好,28,83,https://crazycattle3d.io/ | 文本 | 内容,2026年1月6日,2026年2月13日
11,https://videos.valtech.com/1password-installation-and-usage | EN | 移动友好,17,54,https://crazycattle3d.io/ | 文本 | 内容,2025年9月5日,2025年9月15日
11,https://test.niadd.com/statuses/1063545.html | 移动友好,14,56,https://crazycattle3d.io/ | 文本,2025年10月22日,2 天前
11,https://test.niadd.com/statuses/1063443.html | 移动友好,8,59,https://crazycattle3d.io/ | 文本,2025年10月11日,13 天前
11,https://test.niadd.com/statuses/1063287.html | 移动友好,10,56,https://crazycattle3d.io/ | 文本,2025年10月3日,2026年2月13日
11,https://test.niadd.com/statuses/1063118.html | 移动友好,15,59,https://crazycattle3d.io/ | 文本,2025年10月5日,2026年2月15日
11,https://slopeio.org/crazy-cattle-3d-game | EN | 移动友好,1,66,https://crazycattle3d.io/ | 文本,2025年4月20日,11 天前
11,https://secondavenuesagas.com/2021/06/07/inside-east-side-access-18-months-before-the-new-terminal-opens/ | 博客 | EN | 移动友好,348,384,https://crazycattle3d.io/ | 文本 | 内容 | Nofollow | UGC,2025年5月13日,16 小时前
11,https://ru.niadd.com/statuses/1063545.html | 移动友好,14,60,https://crazycattle3d.io/ | 文本,2025年7月24日,2026年2月10日
11,https://ru.niadd.com/statuses/1063443.html | 移动友好,8,59,https://crazycattle3d.io/ | 文本,2025年10月14日,12 天前
11,https://ru.niadd.com/statuses/1063287.html | 移动友好,10,60,https://crazycattle3d.io/ | 文本,2025年10月19日,8 天前
11,https://prismo.fedibird.com/comments/recent?page=39 | 移动友好,42,68,https://crazycattle3d.io/ | 文本 | 新增,5 天前,5 天前
11,https://prismo.fedibird.com/@katyperry/comments/recent | 移动友好,3,16,https://crazycattle3d.io/ | 文本,2025年5月22日,6 天前
11,https://niadd.com/statuses/1063545.html | 移动友好,14,58,https://crazycattle3d.io/ | 文本,2025年6月23日,2026年1月9日
11,https://niadd.com/statuses/1063443.html | 移动友好,8,56,https://crazycattle3d.io/ | 文本,2025年6月26日,2026年1月11日
11,https://niadd.com/statuses/1063287.html | 移动友好,10,58,https://crazycattle3d.io/ | 文本,2025年10月19日,5 天前
11,https://niadd.com/statuses/1063118.html | 移动友好,15,57,https://crazycattle3d.io/ | 文本,2025年7月29日,2026年2月11日
11,https://members7.boardhost.com/Dockside/msg/1763435536.html | EN,2,9,https://crazycattle3d.io/ | 文本,2025年11月23日,2026年1月15日
11,https://members2.boardhost.com/businessbooks3/msg/1752734618.html | EN,22,16,https://crazycattle3d.io/ | 文本,2025年9月4日,2025年11月4日
11,https://it.niadd.com/statuses/1063545.html | 移动友好,14,60,https://crazycattle3d.io/ | 文本,2025年6月15日,2026年2月10日
11,https://it.niadd.com/statuses/1063443.html | 移动友好,8,59,https://crazycattle3d.io/ | 文本,2025年12月4日,10 天前
11,https://it.niadd.com/statuses/1063287.html | 移动友好,10,60,https://crazycattle3d.io/ | 文本,2025年11月1日,2026年1月29日
11,https://it.niadd.com/statuses/1063118.html | 移动友好,15,61,https://crazycattle3d.io/ | 文本,2025年6月3日,2026年2月5日
11,https://idees.orange.sn/feedbacks/180047-empreinte-digitale-application-orange-money | FR | 移动友好,11,85,https://crazycattle3d.io/ | 文本 | 内容 | Nofollow,2025年5月16日,3 天前
11,https://grit.xpg.com/blog/1744 | EN | 移动友好,15,58,https://crazycattle3d.io/ | 文本 | 内容,2025年10月12日,14 天前
11,https://fr.niadd.com/statuses/1063118.html | 移动友好,15,60,https://crazycattle3d.io/ | 文本,2025年10月2日,2025年12月19日
11,https://forum.mobisystems.com/showthread.php?tid=2702 | EN | 移动友好,5,39,https://crazycattle3d.io/ | 文本 | 内容,2025年7月19日,8 天前
11,https://forum.mobisystems.com/showthread.php?pid=4439&tid=2702 | EN | 移动友好,5,39,https://crazycattle3d.io/ | 文本 | 内容,2025年8月15日,9 天前
11,https://forum.mobisystems.com/showthread.php?pid=4414&tid=2702 | EN | 移动友好,5,39,https://crazycattle3d.io/ | 文本 | 内容,2025年6月20日,6 天前
11,https://forum.mobisystems.com/printthread.php?tid=2702 | EN,2,4,https://crazycattle3d.io/ | 文本,2025年6月10日,9 天前
11,https://forum.mobisystems.com/archive/index.php?thread-2702.html | EN,4,8,https://crazycattle3d.io/ | 文本 | 内容,2025年7月18日,9 天前
11,https://es.niadd.com/statuses/1063545.html | 移动友好,14,62,https://crazycattle3d.io/ | 文本,2025年10月31日,2026年1月4日
11,https://es.niadd.com/statuses/1063443.html | 移动友好,8,61,https://crazycattle3d.io/ | 文本,2025年10月10日,2026年2月20日
11,https://es.niadd.com/statuses/1063287.html | 移动友好,10,59,https://crazycattle3d.io/ | 文本,2025年10月1日,2026年2月10日
10,https://4lomza.pl/forum/read.php?f=1&i=635475&t=635467 | PL | 移动友好,18,45,https://crazycattle3d.io/ | 文本,2025年6月28日,2026年1月29日
10,https://4lomza.pl/forum/read.php?f=1&i=635473&t=635467 | PL | 移动友好,18,45,https://crazycattle3d.io/ | 文本,2025年6月28日,9 天前
10,https://4lomza.pl/forum/read.php?f=1&i=635472&t=635467 | PL | 移动友好,18,45,https://crazycattle3d.io/ | 文本,2025年8月19日,2026年1月13日
10,https://4lomza.pl/forum/read.php?f=1&i=635469&t=635467 | PL | 移动友好,18,45,https://crazycattle3d.io/ | 文本,2025年6月28日,2026年1月12日
10,https://4lomza.pl/forum/read.php?f=1&i=635467&t=635467 | PL | 移动友好,18,45,https://crazycattle3d.io/ | 文本,2025年6月8日,9 天前
10,http://www3.wind.ne.jp/snowbravo/gesc_cgi/diarypro/diary.cgi?page=10 | JA,315,584,https://crazycattle3d.io/ | 文本,2025年5月10日,4 天前
10,http://www3.wind.ne.jp/snowbravo/gesc_cgi/diarypro/diary.cgi?no=150 | JA,84,91,https://crazycattle3d.io/ | 文本,2025年5月23日,4 天前
10,http://www3.wind.ne.jp/snowbravo/gesc_cgi/diarypro/diary.cgi?mode=comment&no=150 | JA,84,90,https://crazycattle3d.io/ | 文本,2025年8月22日,6 天前
10,http://www3.wind.ne.jp/snowbravo/gesc_cgi/diarypro/diary.cgi?field=9&page=4 | JA,445,733,https://crazycattle3d.io/ | 文本,2025年7月12日,5 天前
10,http://www3.wind.ne.jp/snowbravo/gesc_cgi/diarypro/diary.cgi?field=8&page=4 | JA,451,743,https://crazycattle3d.io/ | 文本,2025年5月8日,3 天前
10,http://www3.wind.ne.jp/snowbravo/gesc_cgi/diarypro/diary.cgi?field=37&page=4 | JA,458,754,https://crazycattle3d.io/ | 文本,2025年6月7日,17 小时前
10,http://www3.wind.ne.jp/snowbravo/gesc_cgi/diarypro/diary.cgi?field=36&page=4 | JA,445,733,https://crazycattle3d.io/ | 文本,2025年5月10日,5 天前
10,http://www3.wind.ne.jp/snowbravo/gesc_cgi/diarypro/diary.cgi?field=35&page=4 | JA,451,742,https://crazycattle3d.io/ | 文本,2025年5月28日,4 天前
10,http://www3.wind.ne.jp/snowbravo/gesc_cgi/diarypro/diary.cgi?field=34&page=4 | JA,451,742,https://crazycattle3d.io/ | 文本,2025年5月26日,4 天前
10,http://www3.wind.ne.jp/snowbravo/gesc_cgi/diarypro/diary.cgi?field=33&page=4 | JA,451,743,https://crazycattle3d.io/ | 文本,2025年5月28日,3 天前
10,http://www3.wind.ne.jp/snowbravo/gesc_cgi/diarypro/diary.cgi?field=32&page=4 | JA,445,735,https://crazycattle3d.io/ | 文本,2025年5月28日,4 天前
10,http://www3.wind.ne.jp/snowbravo/gesc_cgi/diarypro/diary.cgi?field=31&page=4 | JA,445,733,https://crazycattle3d.io/ | 文本,2025年6月17日,5 天前
10,http://www3.wind.ne.jp/snowbravo/gesc_cgi/diarypro/diary.cgi?field=30&page=4 | JA,451,743,https://crazycattle3d.io/ | 文本,2025年6月5日,4 天前
10,http://www3.wind.ne.jp/snowbravo/gesc_cgi/diarypro/diary.cgi?field=29&page=4 | JA,451,744,https://crazycattle3d.io/ | 文本,2025年5月10日,昨天
10,http://www3.wind.ne.jp/snowbravo/gesc_cgi/diarypro/diary.cgi?field=28&page=4 | JA,445,733,https://crazycattle3d.io/ | 文本,2025年5月26日,5 天前
10,http://www3.wind.ne.jp/snowbravo/gesc_cgi/diarypro/diary.cgi?field=27&page=4 | JA,451,745,https://crazycattle3d.io/ | 文本,2025年5月18日,昨天
10,http://www3.wind.ne.jp/snowbravo/gesc_cgi/diarypro/diary.cgi?field=26&page=4 | JA,458,754,https://crazycattle3d.io/ | 文本,2025年5月8日,6 小时前
10,http://www3.wind.ne.jp/snowbravo/gesc_cgi/diarypro/diary.cgi?field=25&page=4 | JA,451,743,https://crazycattle3d.io/ | 文本,2025年5月8日,昨天
10,http://www3.wind.ne.jp/snowbravo/gesc_cgi/diarypro/diary.cgi?field=24&page=4 | JA,458,754,https://crazycattle3d.io/ | 文本,2025年5月18日,21 小时前
10,http://www3.wind.ne.jp/snowbravo/gesc_cgi/diarypro/diary.cgi?field=23&page=4 | JA,451,745,https://crazycattle3d.io/ | 文本,2025年5月27日,23 小时前
10,http://www3.wind.ne.jp/snowbravo/gesc_cgi/diarypro/diary.cgi?field=22&page=4 | JA,450,741,https://crazycattle3d.io/ | 文本,2025年8月24日,4 天前
10,http://www3.wind.ne.jp/snowbravo/gesc_cgi/diarypro/diary.cgi?field=21&page=4 | JA,451,743,https://crazycattle3d.io/ | 文本,2025年7月11日,昨天
10,http://www3.wind.ne.jp/snowbravo/gesc_cgi/diarypro/diary.cgi?field=20&page=4 | JA,451,743,https://crazycattle3d.io/ | 文本,2025年6月5日,昨天
10,http://www3.wind.ne.jp/snowbravo/gesc_cgi/diarypro/diary.cgi?field=19&page=4 | JA,445,733,https://crazycattle3d.io/ | 文本,2025年5月25日,5 天前
10,http://www3.wind.ne.jp/snowbravo/gesc_cgi/diarypro/diary.cgi?field=18&page=4 | JA,445,733,https://crazycattle3d.io/ | 文本,2025年5月20日,4 天前
10,http://www3.wind.ne.jp/snowbravo/gesc_cgi/diarypro/diary.cgi?field=17&page=4 | JA,445,733,https://crazycattle3d.io/ | 文本,2025年5月10日,5 天前
10,http://www3.wind.ne.jp/snowbravo/gesc_cgi/diarypro/diary.cgi?field=16&page=4 | JA,451,743,https://crazycattle3d.io/ | 文本,2025年5月15日,昨天
10,http://www3.wind.ne.jp/snowbravo/gesc_cgi/diarypro/diary.cgi?field=15&page=4 | JA,458,754,https://crazycattle3d.io/ | 文本,2025年5月28日,21 小时前
10,http://www3.wind.ne.jp/snowbravo/gesc_cgi/diarypro/diary.cgi?field=14&page=4 | JA,451,743,https://crazycattle3d.io/ | 文本,2025年6月14日,昨天
10,http://www3.wind.ne.jp/snowbravo/gesc_cgi/diarypro/diary.cgi?field=13&page=4 | JA,445,733,https://crazycattle3d.io/ | 文本,2025年6月5日,5 天前
10,http://www3.wind.ne.jp/snowbravo/gesc_cgi/diarypro/diary.cgi?field=12&page=4 | JA,458,754,https://crazycattle3d.io/ | 文本,2025年6月12日,23 小时前
10,http://www3.wind.ne.jp/snowbravo/gesc_cgi/diarypro/diary.cgi?field=11&page=4 | JA,451,743,https://crazycattle3d.io/ | 文本,2025年7月12日,4 天前
10,http://www3.wind.ne.jp/snowbravo/gesc_cgi/diarypro/diary.cgi?field=10&page=4 | JA,445,733,https://crazycattle3d.io/ | 文本,2025年5月22日,5 天前
10,http://www3.wind.ne.jp/snowbravo/gesc_cgi/diarypro/diary.cgi?date=20210907 | JA,103,253,https://crazycattle3d.io/ | 文本,2025年5月10日,4 天前
10,http://www.kcn.ne.jp/~gorosan/cgi-bin/diarypro/diary.cgi?no=97 | JA,158,181,https://crazycattle3d.io/ | 文本,2025年4月23日,11 天前
10,http://www.kcn.ne.jp/~gorosan/cgi-bin/diarypro/diary.cgi?mode=comment&no=97 | JA,162,184,https://crazycattle3d.io/ | 文本,2025年6月9日,3 天前
10,http://www.kcn.ne.jp/~gorosan/cgi-bin/diarypro/diary.cgi?date=20220830 | JA,169,361,https://crazycattle3d.io/ | 文本,2025年8月2日,9 天前
10,http://thefilmexperience.net/blog/2025/4/30/congratulations-to-la-pfeiffer.html | CMS | EN,8,463,https://crazycattle3d.io/ | 文本 | 内容 | Nofollow,2025年11月9日,2026年2月16日
10,http://old.ysia.ru/news/15597/v_nebe_nad_yakutiej_budet_letat__samolet_imeni_legendarnogo_aviatora_petra_kuhto.html | RU | 移动友好,11,74,https://crazycattle3d.io/ | 文本 | 新增,2 天前,2 天前
10,http://nordic.boltonvalley.com/2013/12/nordic-center-still-on-standby.html | 博客,218,143,https://crazycattle3d.io/ | 文本 | Nofollow,2025年7月19日,8 小时前
10,http://crackingfanduel.footballguys.com/2015/09/musings-on-fanduelarian-foster-and.html | 博客,38,98,https://crazycattle3d.io/ | 文本 | Nofollow,2025年8月11日,1 小时前
10,http://blog.davidsonwildcats.com/2010/09/were-going-to-africa.html | 博客,30,101,https://crazycattle3d.io/ | 文本 | 新增 | Nofollow,2026年2月6日,8 天前